99855838595919873,20710710,Y,Victim,N
99834780241235969,28779449,N,NA,NA
99970555314311168,252085268,N,NA,NA
100017708820733953,239010513,N,NA,NA
100033938197712896,308143092,N,NA,NA
99964777400516609,162448609,N,NA,NA
100055035387449345,218633851,N,NA,NA
99988414077747201,122822088,Y,Victim,N
99958102018887682,280633825,N,NA,NA
99999987785674752,249983617,Y,Accuser,N
100042908127862784,200040434,N,NA,NA
100028043476733952,338773566,N,NA,NA
99999988221878272,284793957,Y,Accuser,N
99928018662850560,309796606,N,NA,NA
99963130221826048,19757729,N,NA,NA
100061752145883136,173322006,Y,Reporter,N
99966389057630208,273793578,Y,Bully,Y
99806126098481153,29633995,N,NA,NA
99803559545155584,161775929,Y,Reporter,N
99721196647616512,54756144,Y,Reporter,N
100007777577082880,272565596,N,NA,NA
99934249423081472,52909440,Y,Victim,N
100059081720610816,4375431,N,NA,NA
99970534946775040,328238146,N,NA,NA
99810500296187904,169577472,N,NA,NA
99815336462925825,212709435,N,NA,NA
99873531415896064,14778524,Y,Reporter,Y
99903044682125312,25782629,N,NA,NA
99806965034782722,169140193,N,NA,NA
99931501071843328,47346551,N,NA,NA
100003086248062976,37338479,Y,Reporter,N
99913909703688192,196258059,N,NA,NA
100045249770041345,182780394,N,NA,NA
99830316612587520,46230992,Y,Reporter,N
99943334512041984,8431652,Y,Bully,N
99933749852119041,15322779,N,NA,NA
99877366632955904,319990312,Y,Accuser,N
100062386228166657,86723374,N,NA,NA
99978095515279360,241636800,Y,Reporter,N
99782812093259776,71492903,Y,Reporter,N
99752908584783872,19154007,N,NA,NA
99991409993584641,77589706,N,NA,NA
99931478170927104,349246692,N,NA,NA
99853197308461057,308834085,Y,Other,N
100059470117343232,83417273,N,NA,NA
99922904497668096,311319680,N,NA,NA
99941785882722304,76774889,N,NA,NA
99969344062242816,49303918,Y,Victim,N
100043116958056448,41948240,N,NA,NA
99936506986250240,334958633,Y,Accuser,Y
99743051718737920,332751067,N,NA,NA
99817895504261120,273045494,N,NA,NA
99968883561218049,223246965,N,NA,NA
99947111751233536,267905150,N,NA,NA
100017930011545600,307721048,N,NA,NA
99730136613662720,40109983,N,NA,NA
99963482224590848,187178088,Y,Victim,N
99905607259267073,102349764,N,NA,NA
99836404766490625,94912172,N,NA,NA
100048051841925120,110433742,N,NA,NA
99877427295174656,149205892,N,NA,NA
99862595531575296,104926436,Y,Victim,N
99977908885524480,232579649,N,NA,NA
99709724638978048,89162445,Y,Reporter,Y
100016702972112896,52192673,N,NA,NA
100023780608450561,299193451,N,NA,NA
99744191508250624,324809492,N,NA,NA
99721345641889792,83760822,N,NA,NA
99816067752398848,136653569,N,NA,NA
99830779412094977,256797154,Y,Accuser,N
99975638852706305,148840500,Y,Accuser,N
99904926389506048,58394190,N,NA,NA
99978136774656000,63013144,N,NA,NA
99905136532533249,318642744,Y,Reporter,N
99781696274186240,186607658,N,NA,NA
100038488535220224,49122475,Y,Reporter,Y
100052148162801664,316747469,N,NA,NA
99730294457909248,162228554,Y,Victim,N
99790550307311618,124732470,Y,Accuser,N
99762774695092224,288012232,Y,Bully,Y
99977991618174976,16485822,N,NA,NA
99919851455393792,17353744,N,NA,NA
99718638323507200,256707603,N,NA,NA
99973247541592064,182670283,N,NA,NA
99950333924605952,212494300,N,NA,NA
99868884915597313,280879859,N,NA,NA
99951154577932288,21781706,N,NA,NA
99946381455790081,126496367,Y,Victim,N
99871615843713024,77270191,N,NA,NA
99827558702518272,18764317,N,NA,NA
99863481087569920,335561441,N,NA,NA
99751938282889216,123227311,Y,Victim,N
100059935362138112,84439959,N,NA,NA
99903243659911168,186684141,N,NA,NA
100061674614165504,61228040,N,NA,NA
99876879531638784,249097134,N,NA,NA
99902106458267648,215721550,N,NA,NA
99710914147782656,39021007,Y,Victim,N
100035466098786304,199499683,Y,Victim,N
99868035699048448,56438231,Y,Bully,N
100056582473265152,155806680,Y,Victim,N
100055642991116288,114256111,N,NA,NA
100053437265350657,259213973,Y,Reporter,N
99956292713582592,27462786,N,NA,NA
99796744489013249,316995277,Y,Reporter,N
99795514018631680,86553004,Y,Victim,N
99918529666625538,300032820,Y,Victim,N
99989447390658560,29459989,Y,Victim,N
99729621897060353,183793148,N,NA,NA
99843617694289921,169885749,Y,Reporter,Y
99989148127076352,260795497,N,NA,NA
99942563691233280,209688925,Y,Accuser,N
99813859237445632,207791469,N,NA,NA
99914601449259008,74901100,Y,Reporter,N
99898550699307008,181177622,Y,Reporter,N
100000399360131073,163987880,Y,Accuser,N
100038577232158721,220102014,Y,Reporter,N
99944143098359808,345296662,Y,Reporter,N
99714694746615808,64113314,Y,Accuser,N
99791662632546305,104013296,N,NA,NA
99989427081846784,155005237,Y,Reporter,Y
99814530976198657,27171323,N,NA,NA
99965364917645312,38167605,N,NA,NA
100054657757483008,348917621,Y,Victim,N
99971855854735360,96007198,N,NA,NA
99995218077691904,40454419,Y,Accuser,N
99937140003184641,255578482,N,NA,NA
99853380138176513,324119510,N,NA,NA
99846377047195649,262339808,Y,Reporter,N
99864126955855872,91733630,N,NA,NA
99907482746499072,52522104,N,NA,NA
100020138899812353,279327958,Y,Reporter,N
100001024777007104,134272848,N,NA,NA
99929515370872832,211746685,N,NA,NA
100060828941828096,345886321,N,NA,NA
100054035020791809,84571225,Y,Bully,N
100028691240857600,338793597,N,NA,NA
100015582056951809,62272946,N,NA,NA
99881172129165312,174325959,Y,Victim,N
99707128851333121,320005085,N,NA,NA
99940269239177216,136355138,Y,Victim,Y
99785009661087744,131501435,Y,Other,N
100038951569600512,231041328,Y,Reporter,N
99977479120363520,66554859,N,NA,NA
99770512842043392,39799025,N,NA,NA
99889755587743744,169334267,N,NA,NA
99961101936111616,302071619,N,NA,NA
99746971354542080,285967991,Y,Accuser,Y
99914736925286401,152178121,Y,Victim,N
99721605097332736,346276557,N,NA,NA
100034579074781185,188925560,N,NA,NA
99708642315603969,349223465,Y,Reporter,N
99778720516153345,33376655,N,NA,NA
100050384889974785,16033567,Y,Reporter,N
99943236046565376,318095390,N,NA,NA
100024124193247233,307583844,Y,Reporter,N
99807212725211136,47591953,Y,Reporter,N
99883274712780800,22990164,N,NA,NA
99911184450469888,113166339,Y,Reporter,N
99872850621644800,237407689,Y,Bully,N
99993697852203008,76853737,N,NA,NA
99910018228424705,166700607,N,NA,NA
99843076612300800,135313969,N,NA,NA
100050784728793088,137540455,N,NA,NA
99870652554674177,199895245,N,NA,NA
100031807516442626,277249969,N,NA,NA
100039895145394176,56396976,Y,Reporter,N
99754072931962880,27306894,Y,Bully,Y
100034901809709056,105639766,Y,Reporter,N
99905605766103040,131253099,N,NA,NA
99848490653454337,344875422,N,NA,NA
100061251576672256,16668511,N,NA,NA
99868568224677888,315175387,N,NA,NA
99821398138167296,71484221,Y,Bully,Y
99957611906080768,252332904,Y,Victim,N
100035561632440320,27168352,N,NA,NA
99899686332284928,298685340,Y,Reporter,N
99899491854974976,155113203,N,NA,NA
99997912578273280,200531236,N,NA,NA
100011435622547456,238752785,N,NA,NA
99942552056246272,228442668,Y,Bully,N
100030883150573568,330178192,N,NA,NA
100019689576599552,69784527,N,NA,NA
99775518567710720,272850128,Y,Accuser,N
99714001067458560,347401380,N,NA,NA
99908289869004800,45965142,Y,Bully,N
100062032803540992,347676512,N,NA,NA
100053851666792449,299360446,N,NA,NA
99805199941640193,284883755,Y,Victim,Y
99964506356195329,136660519,Y,Accuser,N
99866763675709441,59311294,N,NA,NA
99890084836417537,175423964,Y,Other,N
100015652697419776,196816913,N,NA,NA
99946929865240576,139442869,N,NA,NA
99837237205794817,193573723,Y,Reporter,N
99718741394341888,115184837,N,NA,NA
99719661901463552,232991877,Y,Victim,N
100053548787699712,284491823,N,NA,NA
99765744644001792,94912172,N,NA,NA
100029562909499392,89076546,N,NA,NA
99966491503493121,160285501,N,NA,NA
100032893237207040,228836044,Y,Reporter,N
99943258536427520,321486596,N,NA,NA
100065651267350528,45196000,N,NA,NA
99991059760816128,288906115,Y,Bully,Y
100021475897126912,340031235,N,NA,NA
99972938069065728,342402273,Y,Other,N
99986190161285121,255660136,N,NA,NA
99942544695234560,257256307,Y,Reporter,N
99871802678980608,39231178,N,NA,NA
99851485059350528,328567428,N,NA,NA
99980834672619520,322236087,Y,Victim,N
99957860703805441,210022462,N,NA,NA
99948034397450241,23925100,N,NA,NA
99883176410877952,261603222,N,NA,NA
99733329888288768,328299858,Y,Other,N
99787987801481216,36350216,Y,Reporter,N
99999996128137216,148550282,N,NA,NA
99852960913301504,25834251,Y,Reporter,N
99819687151542272,310544085,Y,Victim,N
99938077220409344,218764426,Y,Bully,N
99806814199222273,144126445,Y,Bully,N
99713416075296768,253397117,Y,Victim,N
99734939041398784,49925124,N,NA,NA
99900447300665344,349758859,N,NA,NA
99975283783905280,349310132,Y,Bully,N
100061189702299648,135327126,N,NA,NA
99965634535886849,55420227,N,NA,NA
100020867915976704,348536394,N,NA,NA
99825247963975680,63872814,N,NA,NA
99938057117114368,106492166,Y,Accuser,N
99854031916236801,223223743,Y,Victim,N
100025830738104320,63811943,N,NA,NA
99974273438982144,337805311,Y,Reporter,N
99962572819800064,183667280,N,NA,NA
99974969852833792,345506718,N,NA,NA
100029892703420416,134227225,N,NA,NA
99791816181817344,261362433,Y,Other,N
99914420725100544,44473275,N,NA,NA
99792723640467456,84905829,Y,Reporter,N
99964929884430338,235604587,N,NA,NA
99967828563738624,335434102,Y,Victim,N
100015598926438400,18195001,Y,Reporter,N
100008980465729536,219976931,N,NA,NA
99977337348694016,67184653,N,NA,NA
99867450098724864,175304639,Y,Bully,N
99847647120199681,249901107,N,NA,NA
100019973132517376,303004533,N,NA,NA
99907216894726145,257409666,N,NA,NA
100018511828631552,240684468,Y,Bully,Y
100009463502745600,121883143,Y,Accuser,N
99962044358459394,301104600,N,NA,NA
100047807062351872,328833509,N,NA,NA
99834838026158081,104661842,N,NA,NA
99712490048454656,274296257,Y,Victim,N
100015617805008896,271569016,N,NA,NA
100046804363657217,224305943,Y,Accuser,Y
100033058840903680,38676123,N,NA,NA
99952826612056064,154648125,Y,Victim,N
99929892753379329,46704716,Y,Reporter,N
99982342214524928,26344293,N,NA,NA
99715287141728256,141644880,N,NA,NA
99783757816541184,316452177,N,NA,NA
99813553644634114,293401233,N,NA,NA
99882231715205120,288513370,N,NA,NA
100020702299688960,47092210,N,NA,NA
99975860039327744,78901796,Y,Victim,N
100010212173430784,54041357,N,NA,NA
99854324867403776,283357364,N,NA,NA
100038396143083520,230236129,Y,Accuser,Y
99714807539838976,25715397,Y,Accuser,Y
99883873177059328,230363649,N,NA,NA
99756721563648000,274773982,N,NA,NA
99906407888977921,278586256,N,NA,NA
99785699322109952,148299980,N,NA,NA
99904350113120256,267021306,N,NA,NA
99783916537380864,171241635,Y,Accuser,N
99983105296842752,217584178,Y,Victim,N
99846283417763841,172153286,Y,Accuser,N
100033624736411648,23751558,N,NA,NA
99737666727321600,294181274,Y,Bully,Y
99914849924026368,196258059,N,NA,NA
100041723618672640,52127240,N,NA,NA
99774463737999360,165324214,N,NA,NA
100046995078647808,20163962,Y,Reporter,N
99846261980663808,158354688,N,NA,NA
100056763465859072,64760749,N,NA,NA
99942052376231936,92123889,Y,Reporter,N
99847880587755520,42964272,N,NA,NA
99867807071744002,53638941,Y,Bully,Y
99922146851160064,113117515,N,NA,NA
100063550004936704,142083074,N,NA,NA
99984783135870976,306731924,N,NA,NA
99859691324178433,20670046,Y,Victim,N
100014622731542528,337262111,Y,Reporter,N
99774979796774912,118718985,Y,Victim,N
99881369148203008,319726530,N,NA,NA
99802432749568002,243316650,N,NA,NA
99831235441983488,64621366,N,NA,NA
99958619562459136,20715310,N,NA,NA
100002801605812224,64645134,Y,Accuser,Y
99962861677314048,321486596,N,NA,NA
100012801615081472,92057749,N,NA,NA
99720822863822848,35114388,N,NA,NA
99737101117038592,169011928,N,NA,NA
99854715025756161,222589778,Y,Bully,Y
100003177293819904,186158997,N,NA,NA
100049015697190913,123910569,N,NA,NA
100040930966519808,20163962,Y,Reporter,N
99817793318424576,349625455,Y,Accuser,N
99899294072573952,102546401,Y,Accuser,N
100005135559835648,215037037,Y,Victim,N
99965900790300672,162448609,N,NA,NA
99752825378193408,83317818,Y,Accuser,N
99959605941116928,344483077,Y,Bully,N
100033596747821057,241729843,N,NA,NA
99798613944836097,306860822,N,NA,NA
99987172433739777,15374155,Y,Bully,Y
99821304248668160,54202037,N,NA,NA
99917737429696513,76114077,N,NA,NA
99988429122711552,337786643,Y,Reporter,N
100046414993825792,156729678,N,NA,NA
99846769524998144,344157320,N,NA,NA
99935857749934080,218343404,N,NA,NA
99868190523392000,42057309,N,NA,NA
100057904526270464,27303571,Y,Reporter,N
99990171273011200,210999423,N,NA,NA
99742225583439872,237881856,Y,Accuser,N
99955638423142400,184295581,N,NA,NA
99868876162072576,301539803,N,NA,NA
99806797518471169,43248339,N,NA,NA
99975243145289728,308658119,Y,Victim,N
99893894493376512,51436098,Y,Accuser,Y
99907588002562049,324933310,N,NA,NA
99892587732795392,321502656,N,NA,NA
99856133149302784,68733084,N,NA,NA
99893594684534784,210169599,N,NA,NA
100021514249842688,71051711,N,NA,NA
99727683679817728,82149049,N,NA,NA
99830019118989312,284659441,Y,Victim,N
99760726041833472,117290234,N,NA,NA
99828340990545920,44151441,N,NA,NA
99777797895098368,344895707,N,NA,NA
100066030537285633,24752853,N,NA,NA
99966310225674240,94912172,N,NA,NA
99714631949496321,317636642,N,NA,NA
100052502912827394,259043765,Y,Accuser,N
99983252328153089,43672941,Y,Reporter,N
100017708820733953,239010513,N,NA,NA
99995334591262720,42096379,Y,Reporter,N
99932439610277889,176974024,Y,Accuser,N
99913995791777792,146686598,Y,Reporter,N
99777372332625920,35816274,Y,Reporter,N
99891720770162688,337370210,N,NA,NA
100031254996598784,266107803,Y,Victim,N
99746303369682944,338408084,Y,Reporter,N
99732233572720640,257329451,Y,Reporter,N
100036523881283584,292686462,N,NA,NA
100036810570350592,67918587,N,NA,NA
100022513500815361,135132343,N,NA,NA
99862723294281729,151878405,N,NA,NA
100060994742661120,337247134,Y,Reporter,N
99939217949458433,223139111,Y,Reporter,N
99997129468162048,206061039,N,NA,NA
99989343854280704,96455049,N,NA,NA
99914585871626240,122414734,Y,Victim,N
99797145338654720,146833137,N,NA,NA
99909937135755264,267906707,Y,Bully,N
99860544097497090,204666849,N,NA,NA
99929635848073216,60266745,Y,Reporter,N
99759304583823360,21874289,N,NA,NA
99822206082748416,282214826,Y,Reporter,N
99715158963789824,339287670,N,NA,NA
100012514946981889,146680917,N,NA,NA
99975268575358976,338539088,N,NA,NA
99759933976870912,70356261,N,NA,NA
99929715602759680,47133275,N,NA,NA
99897323466932225,38836580,N,NA,NA
99935945842900992,178434448,N,NA,NA
99831007863242754,335820416,Y,Reporter,N
99899596234440704,307332480,N,NA,NA
99944967836942336,122792601,Y,Reporter,N
99778564567744512,315707548,Y,Reporter,Y
100044265610153984,292066266,Y,Reporter,N
99716104246665217,272840873,Y,Reporter,N
99982266633170945,218147232,N,NA,NA
99991012956573698,315517987,N,NA,NA
99926534978150400,312769639,Y,Reporter,N
99761448141590528,231713050,Y,Accuser,N
100048252140916736,100328726,Y,Reporter,N
99967219001331713,36480684,Y,Reporter,N
100052887878643712,52426295,N,NA,NA
99926383848984576,267339666,Y,Reporter,N
99946346559184896,200580704,N,NA,NA
99924381014294528,137176451,N,NA,NA
99873575749689345,154647318,N,NA,NA
99746362161242112,310425831,Y,Reporter,N
99740748538318848,173897629,Y,Reporter,N
99963475052331008,290366320,Y,Victim,N
99797523677462528,91977143,Y,Victim,Y
100052706374324224,57354610,N,NA,NA
99974224877334528,36509607,N,NA,NA
100027824840253441,342267672,N,NA,NA
100012577899286529,320017126,Y,Reporter,N
99878966768312321,52136105,N,NA,NA
99783608050532352,93223785,Y,Reporter,N
99925404852289536,276789858,Y,Reporter,N
100051872945147904,152828021,N,NA,NA
100000789703045121,185423744,Y,Reporter,N
99708173212057601,233762237,N,NA,NA
100032475979452416,72948624,N,NA,NA
99869897546403840,41766894,N,NA,NA
99989147678289921,261603222,N,NA,NA
99835464151863296,245490871,Y,Other,N
99912696060841985,322305552,Y,Victim,N
100034642249383936,273663386,N,NA,NA
100042108563496960,276130266,N,NA,NA
100034787238088706,16537302,Y,Reporter,N
99722616427913216,96924132,N,NA,NA
99960197468004352,325126580,Y,Victim,Y
99714505646415872,105647239,Y,Victim,N
100002330786803712,347069754,Y,Accuser,N
99781463951671296,49702067,N,NA,NA
99907477038039040,233402454,Y,Accuser,Y
99991484819976192,306780469,Y,Reporter,N
100017272743141376,236866301,N,NA,NA
99839018258276352,139010654,Y,Reporter,N
100042854654676992,276103143,N,NA,NA
99728629696708608,41748116,N,NA,NA
99980474675499008,155637779,Y,Bully,N
100049469378277376,248918041,N,NA,NA
99904529235058689,266087634,Y,Reporter,N
99856813477986304,170013200,Y,Reporter,N
99998524221034498,199084108,N,NA,NA
99708007646113792,257241710,Y,Reporter,N
99912413863874562,29876634,Y,Accuser,N
100053565875302400,16445991,N,NA,NA
99717285824049152,32627724,Y,Reporter,N
99707111340118016,324101452,N,NA,NA
99888067439104000,273171089,N,NA,NA
99979338639872001,52435373,Y,Bully,N
100049738195419136,44631740,Y,Other,N
99728002203652096,47533312,N,NA,NA
100039588722130944,278801935,N,NA,NA
99854722424516608,16537302,Y,Reporter,N
100008464914456577,34108582,Y,Victim,N
99932055860809728,39881762,Y,Victim,Y
99777910755430400,316452177,N,NA,NA
99776497384042496,197577363,Y,Accuser,N
99742751041658880,37134339,Y,Accuser,N
99931080739667968,222959524,N,NA,NA
99855318762266624,136611215,Y,Reporter,Y
99779878471204864,26625269,Y,Bully,N
99850878864994304,15135555,N,NA,NA
100015091612790784,241120549,N,NA,NA
99836191549034496,189321966,N,NA,NA
99960475730718720,122176128,N,NA,NA
99711777956315136,166448111,N,NA,NA
99968175390728192,289531711,N,NA,NA
99931247047999488,110124328,Y,Other,N
99761530282840064,159491017,Y,Bully,Y
99714263345659904,241399870,Y,Other,N
99865682166030337,87013981,N,NA,NA
99964330187038720,59548986,N,NA,NA
99723149607841794,48953729,Y,Reporter,N
99973665092935680,179448427,N,NA,NA
100031599718047745,339097493,Y,Reporter,N
99775029524443136,196705911,Y,Reporter,N
99823788543324160,60040515,Y,Bully,Y
100036768950267905,137137508,N,NA,NA
99789114429292544,36350216,Y,Victim,N
99966493944582145,336594386,N,NA,NA
100057880383852544,80938358,N,NA,NA
99758947602403329,16977648,N,NA,NA
99850896879517696,79510959,N,NA,NA
99840856571379713,187977029,Y,Other,N
99724070026870784,322813645,Y,Bully,N
100017676096774144,275632056,N,NA,NA
99785939282440192,60302873,Y,Victim,N
99904901303369728,191067903,N,NA,NA
99757907683450880,149102409,N,NA,NA
99844214103359488,152580711,Y,Reporter,N
99859774983766016,89606351,Y,Victim,Y
99744261372772352,72282157,N,NA,NA
99941276627124224,214544014,Y,Reporter,Y
99999674022379521,144532785,N,NA,NA
100040264630009856,241173878,Y,Accuser,N
100006421323710467,93778114,N,NA,NA
99989260119191552,213547872,N,NA,NA
100040768407871488,96506402,N,NA,NA
99968299605037056,27951507,Y,Victim,N
99944164573200384,349812234,N,NA,NA
100021276470554624,335440681,Y,Bully,N
100037377669599234,127153575,Y,Victim,Y
99876719904825344,184673340,Y,Bully,N
99712267251232768,48428851,N,NA,NA
99774367675858944,234841023,Y,Reporter,N
100056547798941696,202007294,N,NA,NA
100003727888494593,244319743,Y,Reporter,N
99967761316450306,37958036,Y,Reporter,N
100005321333936129,280864295,N,NA,NA
99858029092159488,257998538,N,NA,NA
99852533421457408,180730188,N,NA,NA
99938797311107072,168847954,N,NA,NA
100010044111859713,161155148,Y,Reporter,N
99905748968017920,80885207,Y,Reporter,N
99909615856259072,349303391,N,NA,NA
100019894279602177,57429063,N,NA,NA
100030208945553409,300443934,Y,Reporter,N
100049477653639168,329435483,Y,Reporter,N
99968846173175809,44504856,N,NA,NA
99985635489755136,120569674,N,NA,NA
99737423885500416,220044325,Y,Accuser,Y
99932986010632192,313762749,N,NA,NA
99907754738712577,70316549,N,NA,NA
99945062678540288,211605583,N,NA,NA
99828205032189952,134307552,N,NA,NA
99893837908025345,39146848,Y,Victim,N
99992859981254656,265511734,Y,Victim,N
99981765703241730,281630032,N,NA,NA
99938297928888320,64267765,Y,Reporter,N
99745443562536960,97019810,N,NA,NA
99927140048441344,70480585,N,NA,NA
99981495078367233,141773997,Y,Reporter,N
99975616186679296,115697576,N,NA,NA
99853153071149056,151275478,N,NA,NA
99948429983219712,215085642,Y,Bully,N
100021984624254976,159545596,N,NA,NA
99966784798605312,89656986,Y,Bully,Y
99848411897008130,312383022,N,NA,NA
99977961654059008,294461297,N,NA,NA
100042198631985152,149256114,N,NA,NA
99927697374973953,209780012,N,NA,NA
100002589470507009,244021157,N,NA,NA
99749547009511424,126201523,N,NA,NA
99901607935877120,297541407,Y,Reporter,N
99975653897678849,344262518,N,NA,NA
99905245898997760,88202324,N,NA,NA
99956555184746496,14501040,N,NA,NA
99882970218889216,267306188,Y,Reporter,N
99775184361373697,198476833,Y,Reporter,N
99709233368539136,341322329,N,NA,NA
99993036557258752,86640176,N,NA,NA
100037904646160384,230582522,N,NA,NA
99865879440920576,92762357,N,NA,NA
99926174368673792,39240736,N,NA,NA
99849525899956224,22199928,N,NA,NA
99978696563232768,14707122,Y,Reporter,N
99892606087069696,156710911,Y,Reporter,N
100036556785594368,274077762,N,NA,NA
100035831561064448,27336825,Y,Accuser,N
99824145075937280,346751620,Y,Reporter,N
99988025337061376,220751764,N,NA,NA
99726116805279744,164376126,Y,Reporter,N
100016425829273600,289623362,N,NA,NA
100056747816910849,162138018,N,NA,NA
100036031054741504,16537302,N,NA,NA
99769964474548224,22103946,N,NA,NA
99862975841710080,349419030,N,NA,NA
100056751289810945,234609466,N,NA,NA
99979388958941184,71368396,N,NA,NA
99727944322256896,17459894,N,NA,NA
99992151479418880,48527207,Y,Reporter,N
99804075058667520,266289655,N,NA,NA
99853682883043328,51372832,N,NA,NA
99912269474971648,272139943,Y,Victim,N
99864474521059329,349410100,N,NA,NA
99944051897413632,60976606,N,NA,NA
99950939494023169,168528615,N,NA,NA
99962817574207488,139141294,Y,Bully,Y
100023476001320960,131205006,N,NA,NA
99891720770162688,337370210,N,NA,NA
99843439012757504,199056263,N,NA,NA
100031466221748224,296614331,N,NA,NA
99937391170682880,25596220,Y,Victim,N
99903052542263297,177284991,N,NA,NA
100044115865116672,349458368,Y,Accuser,N
99859132869386240,312998956,N,NA,NA
99882793764519936,16578649,N,NA,NA
100060136483201024,173774422,N,NA,NA
99853516763447297,94912172,N,NA,NA
99855062981017600,39531984,N,NA,NA
99953848558436352,195425598,N,NA,NA
99955053703606272,63823076,N,NA,NA
99851728035393537,303424991,Y,Bully,N
99860230002835456,193935417,N,NA,NA
99954755455025152,109112580,Y,Victim,N
99948611865022464,45686363,Y,Reporter,N
99896068392751104,31246384,N,NA,NA
99968223138684928,63787938,Y,Victim,N
99920578777071616,101300777,Y,Reporter,N
99850403071533057,247947496,Y,Victim,N
100046122839576576,39299125,N,NA,NA
99882550981427200,346004903,N,NA,NA
99824993747222528,231803072,N,NA,NA
99979956079165442,266745387,Y,Reporter,N
99917880715517952,115740027,Y,Reporter,N
99826236381069312,216871770,N,NA,NA
99836662976233473,259726399,Y,Reporter,N
99872081134616576,112075681,N,NA,NA
100022790572351488,178129203,Y,Victim,N
99992360225742850,146833137,N,NA,NA
99967726398877696,216927492,Y,Reporter,N
99989782087729153,349117288,Y,Victim,N
99907588002562049,324933310,N,NA,NA
100009302667956224,253487290,N,NA,NA
99839755226845184,285279602,N,NA,NA
100061010651652096,59887849,Y,Accuser,N
99850449275990016,56266520,N,NA,NA
99890347987054594,104168759,N,NA,NA
99860531753652224,229495717,N,NA,NA
99747773766828033,216768797,N,NA,NA
99768980679561216,311941271,N,NA,NA
99967731465601025,267021306,N,NA,NA
100052148162801664,316747469,N,NA,NA
99726635544227840,318077983,N,NA,NA
99909627566768128,46485129,N,NA,NA
99963428134850560,166783077,N,NA,NA
99991448119816192,213697817,N,NA,NA
99889471180378112,45358883,N,NA,NA
99885629202108417,14352112,N,NA,NA
99715091255148544,337778471,Y,Victim,N
99930059594407937,87924524,N,NA,NA
99847123515879424,15639323,N,NA,NA
99929669037604864,325298975,N,NA,NA
99826089479778304,55549769,N,NA,NA
99756784843096064,75508747,N,NA,NA
100009878499758080,167505460,N,NA,NA
99943650288611329,266222743,Y,Accuser,N
99958445247176704,321486596,N,NA,NA
99735173398134784,94912172,N,NA,NA
99929001203744768,141029292,N,NA,NA
99989319623770113,159709341,Y,Other,N
99871762564648960,154124895,N,NA,NA
100013707983208448,230638337,N,NA,NA
100050740822806529,16531571,N,NA,NA
99845899739598849,81990846,Y,Bully,N
100047466547785729,46240238,N,NA,NA
99758670728003584,182701909,Y,Bully,N
99864988759498752,277782504,N,NA,NA
99917151829360640,108974349,N,NA,NA
100018987680792576,57469978,Y,Victim,N
99916859926786048,321431511,N,NA,NA
99973560159834113,324007738,N,NA,NA
99974044098637825,242123075,N,NA,NA
100063417330708480,40340133,N,NA,NA
99844472602501120,174663930,N,NA,NA
100029005356466177,217877704,N,NA,NA
99867694844739584,288258162,N,NA,NA
99955273069899776,215791746,N,NA,NA
99970461689057280,108335125,N,NA,NA
99984458261864449,253909367,N,NA,NA
100011141115293696,337233353,Y,Reporter,N
100023411107049472,335971997,N,NA,NA
99990835067760640,62957982,Y,Victim,Y
99789099002626048,261362433,N,NA,NA
99901167643009024,333870554,N,NA,NA
100053381648879617,325996654,N,NA,NA
99778005425061889,70254139,Y,Bully,Y
99991425671892992,176251202,N,NA,NA
100049629294497792,334493718,Y,Reporter,N
100018327069528064,65552796,Y,Reporter,N
99867369186410496,45355410,N,NA,NA
100001132465762304,88951160,N,NA,NA
100052148162801664,316747469,N,NA,NA
100010953638289408,248516148,Y,Bully,Y
99750219851382784,49679075,N,NA,NA
99777216883343360,37351457,N,NA,NA
99914570499493889,30305355,N,NA,NA
100059048933724160,288978113,Y,Reporter,N
99760378795397120,86194109,Y,Victim,N
99793654092279808,28708693,Y,Reporter,N
99874324722360320,311504448,N,NA,NA
99733706549366784,213974113,N,NA,NA
99797531990564864,21673470,Y,Victim,N
99927455833399296,22168234,Y,Victim,N
99917460785991680,196258059,N,NA,NA
99972515350327297,346457190,Y,Reporter,N
100010378645352448,294123725,Y,Reporter,N
99730595873165312,34854797,N,NA,NA
99988809743216640,345207598,N,NA,NA
100039540072394752,35877580,Y,Victim,N
99824488333582337,16365038,N,NA,NA
99780839856013313,338254719,N,NA,NA
99961598575251457,275465151,N,NA,NA
99850120274776064,70637562,Y,Reporter,Y
99984567498317824,200694024,N,NA,NA
100037743102537728,94480323,N,NA,NA
99827570387845120,58853296,N,NA,NA
99843722002432000,93125014,Y,Reporter,N
99955780534538240,26181327,Y,Accuser,N
99979430713229312,330562292,N,NA,NA
99981041984487424,179553233,Y,Victim,N
100040145750859776,218687288,N,NA,NA
100030766758637568,204855740,N,NA,NA
99760311367761921,313321117,N,NA,NA
99942328231403521,109544653,N,NA,NA
99926351414444032,76845162,N,NA,NA
99934834083901442,22054767,N,NA,NA
99975968659226625,292444964,Y,Victim,N
99751570224320512,285771604,N,NA,NA
99826569878585345,313148881,N,NA,NA
99952441881137152,62617426,Y,Victim,N
100063553377148928,36546878,N,NA,NA
99869131230294016,105350145,N,NA,NA
99912042818973696,54001373,N,NA,NA
99929242766278656,186554901,N,NA,NA
99985115878395904,104561506,N,NA,NA
99972291756171264,107155160,N,NA,NA
99800669275426816,17911955,N,NA,NA
100030051168428034,64020760,N,NA,NA
99961070550126592,321486596,N,NA,NA
99779366812254208,24137705,N,NA,NA
99782927071723520,345412200,N,NA,NA
99838947991093248,81343177,N,NA,NA
99841331060412416,38599157,Y,Victim,Y
99808062969356288,176523311,Y,Victim,N
99912366682161153,147067172,Y,Bully,Y
99946426435506176,258456586,Y,Bully,N
99813746112872448,236478502,N,NA,NA
100044804137828352,22570918,Y,Reporter,N
99872567472566273,148830664,Y,Bully,Y
99919348164083712,322864648,N,NA,NA
99753336630288384,349539262,N,NA,NA
99743900431958016,322379654,N,NA,NA
99923030951731200,233745789,Y,Bully,N
100023912875827201,248650996,N,NA,NA
100017708820733953,239010513,N,NA,NA
99979928526790656,104800573,Y,Bully,Y
99946648578428928,227381880,Y,Reporter,N
99931610782248960,24036135,N,NA,NA
100048456961363969,89030268,N,NA,NA
99845842978078721,317900087,Y,Reporter,N
99758747009814528,60475003,N,NA,NA
99996167294824449,63245831,Y,Accuser,N
100038067930406913,292425981,N,NA,NA
99893395685769216,16405880,N,NA,NA
99997844072697856,65749506,N,NA,NA
99985895226216448,211565266,N,NA,NA
99730209883959298,98693950,Y,Accuser,Y
99998135983685632,335594562,N,NA,NA
99733755371077633,231305187,Y,Reporter,N
100042887806464001,235363607,Y,Reporter,N
99868935654080512,40562603,Y,Reporter,N
99907251485159424,188396121,N,NA,NA
99866155690369024,107986316,Y,Reporter,N
99949840527667200,208729894,N,NA,NA
99848911337955328,196189063,Y,Accuser,N
99718473428643840,42011653,N,NA,NA
100021771700404225,128320387,N,NA,NA
100047905024516097,40194329,N,NA,NA
99963636331716608,179469120,Y,Accuser,N
99780202674135040,348917621,Y,Victim,N
99864510659166209,53306574,N,NA,NA
99756208008863744,116113069,Y,Reporter,N
99771953895845888,330233075,Y,Reporter,N
99739153708761088,228910974,Y,Accuser,N
100064751014518784,120511583,Y,Reporter,N
100003831294853120,38496909,N,NA,NA
99789244159102977,281169198,Y,Victim,N
100022278045171712,16537302,Y,Accuser,N
99763358663852032,55564546,Y,Bully,N
99948505984008192,338013787,N,NA,NA
100042136497557504,153510991,N,NA,NA
100015526742466560,28271669,Y,Reporter,Y
100024103485980672,348061436,Y,Other,N
99875476063010816,348592057,N,NA,NA
100017577635483648,103488199,Y,Reporter,N
99901219132280833,333870554,N,NA,NA
99986538565337089,186516329,N,NA,NA
99964236960247808,248144311,Y,Accuser,N
100024834607693825,131710849,N,NA,NA
100011720566771713,279753471,Y,Victim,N
100008549823946752,274719272,N,NA,NA
99963312011350017,23712171,N,NA,NA
100003906494541824,211324202,Y,Reporter,N
99959050883702784,318802277,N,NA,NA
99899864657297408,222873250,N,NA,NA
99758423574458369,141865467,N,NA,NA
99925287143346176,275150187,N,NA,NA
100023301535051776,81446388,N,NA,NA
99964246363881473,149288659,N,NA,NA
100014968900026368,80403853,N,NA,NA
100019418586812417,18824805,Y,Victim,N
99982642006605824,341812291,Y,Reporter,N
99920026542424064,337269171,Y,Reporter,N
99866939123437569,117791510,Y,Reporter,N
100053770137903104,59847238,N,NA,NA
99956083157766144,293561685,N,NA,NA
99862691048456193,73262040,N,NA,NA
99875663514832896,158281989,N,NA,NA
99740870219272193,64650970,Y,Reporter,N
99948205013348352,66532051,N,NA,NA
99779921773215744,162332798,N,NA,NA
99892730032963584,235261160,N,NA,NA
100061805715533824,311181572,Y,Reporter,N
99724700275580928,73493242,N,NA,NA
99957187543179264,109713781,N,NA,NA
99930559714824192,162773951,Y,Reporter,N
99885629202108417,14352112,Y,Reporter,N
99833033900830722,316078427,Y,Reporter,N
99971763500363776,124143894,N,NA,NA
100041745852678144,48871798,N,NA,NA
100065378625003520,215367724,N,NA,NA
99905293617602560,297549452,Y,Reporter,N
99850671074979840,64130933,N,NA,NA
100014915913400321,277101020,Y,Bully,N
99962727400882176,345358213,Y,Reporter,N
100018833313628162,75545247,Y,Victim,N
99936732207775744,188113880,N,NA,NA
100061310196252672,55112438,N,NA,NA
99860460177850368,67364116,N,NA,NA
99846603862585344,217080837,Y,Reporter,N
100022053947703296,256374852,Y,Reporter,N
100044955904507904,75822523,Y,Reporter,N
99809977232916481,11915102,N,NA,NA
99995773575512064,339432695,Y,Reporter,N
100034860940398592,285411359,N,NA,NA
99896518118621184,60762537,N,NA,NA
99850344401612800,217482493,Y,Reporter,N
99720134180085761,134227225,Y,Reporter,Y
99913338032619520,234555323,Y,Reporter,N
99901157421486080,20013087,N,NA,NA
99846531615703041,221675583,Y,Reporter,N
100016269293649920,322735721,Y,Reporter,N
100000252622417920,45016651,N,NA,NA
100002235865497602,41949229,N,NA,NA
100050622463754240,243673727,N,NA,NA
99821656750567424,214518989,N,NA,NA
100013502445527041,316452177,N,NA,NA
99889548930195456,169334267,Y,Reporter,N
99826692251586561,93568992,N,NA,NA
99840396951166976,129399335,Y,Reporter,N
99944156922785792,282323956,N,NA,NA
100034379623055362,181638672,Y,Victim,Y
100000395711098880,308548283,N,NA,NA
99847902658183168,291029247,N,NA,NA
99975181585485824,249890909,Y,Victim,N
100020052866244608,176142176,Y,Other,N
99756501282992129,347839429,N,NA,NA
99836358570422272,50812842,Y,Reporter,Y
100017043163709441,133802624,Y,Reporter,N
99893762951610368,30226978,Y,Reporter,N
99822076235485184,232578497,N,NA,NA
100039724953116672,282806822,N,NA,NA
99985495597129729,24891532,N,NA,NA
99827830543761409,234157198,Y,Bully,N
99728133078519810,36326592,N,NA,NA
100009526715101185,282806822,N,NA,NA
99918786404155392,54024294,Y,Other,Y
99984424774537217,326696985,Y,Victim,N
100005149828841472,75323771,N,NA,NA
99961581617688576,228924459,N,NA,NA
99859717509230592,62258769,N,NA,NA
99957559913480194,211154237,N,NA,NA
99776873487273984,336582445,N,NA,NA
99851531104428032,269341106,N,NA,NA
100044326754721792,125725726,Y,Reporter,N
99979534551621633,310388587,N,NA,NA
100006031538651137,60545306,N,NA,NA
99888855498498048,53440641,N,NA,NA
100050385108082688,184531800,N,NA,NA
99828182827540481,132283189,Y,Victim,N
99875296697782272,285940959,N,NA,NA
99837651754024960,52626313,Y,Victim,N
99992337257738240,220582920,N,NA,NA
100023607887007744,322868892,N,NA,NA
100003758880210944,203130749,N,NA,NA
99993771235753984,170396846,N,NA,NA
99931112784146432,309864742,N,NA,NA
99929772913737729,88513071,N,NA,NA
99800824221417472,259018550,Y,Reporter,N
99849813696331776,348066976,N,NA,NA
99910179327442945,49408035,Y,Accuser,N
100005055817715712,18500533,N,NA,NA
100002406783401984,220108149,Y,Reporter,N
100014812125343744,20758186,N,NA,NA
99994371604226048,239144493,Y,Reporter,N
99814869133565953,326611530,Y,Victim,N
100035018528796674,229654912,Y,Bully,N
99723814627319808,330638961,Y,Accuser,N
99858063988756480,38622199,Y,Reporter,Y
100014774858944512,134205725,N,NA,NA
100045296255504384,147276955,N,NA,NA
99886423406161922,169334267,N,NA,NA
99926317939687424,77550310,N,NA,NA
99960243227852800,167608460,N,NA,NA
99713854954676224,311661685,N,NA,NA
99708112415625216,96646049,N,NA,NA
99798404183494656,102357647,N,NA,NA
99721380475580417,163685118,N,NA,NA
99736378555904000,86890296,N,NA,NA
99949430714802178,94345576,N,NA,NA
99707883024945153,76683098,N,NA,NA
99936602184355841,312795880,N,NA,NA
100041979714469888,217055707,N,NA,NA
99809973218983936,114102982,N,NA,NA
100031356721053696,50707064,Y,Bully,Y
99739611458310144,152165997,Y,Victim,N
99932713246654465,318566819,N,NA,NA
100064909630517248,36868821,Y,Victim,N
99938617971064833,280300025,N,NA,NA
99825228447875073,289532143,N,NA,NA
99901331678052352,26548760,N,NA,NA
99906885305638912,287746887,N,NA,NA
99916802527739904,317280749,N,NA,NA
99978692037578754,318859238,Y,Accuser,N
99957926474686464,321486596,N,NA,NA
99895444829777921,37791812,Y,Reporter,N
99915050894114816,264312429,N,NA,NA
99855002872463360,181373113,N,NA,NA
99941381002375169,321486596,N,NA,NA
99918175197609984,259332713,N,NA,NA
99875325537824768,290335723,N,NA,NA
99931845931708416,267844733,N,NA,NA
99969791305068544,25380210,N,NA,NA
100030465188179968,323992996,Y,Victim,N
99918329355051008,30305355,N,NA,NA
99994360669679616,62322548,N,NA,NA
100004322699522049,337314484,N,NA,NA
99908341307944960,200202666,Y,Bully,N
99721162417901568,42011653,N,NA,NA
99843241536528385,225255692,N,NA,NA
99891921425678336,86965190,Y,Accuser,N
100036585764040704,82970724,N,NA,NA
100048222055170048,16033567,N,NA,NA
99882931677442048,35621957,N,NA,NA
99844391736311808,62326243,N,NA,NA
99931001173704704,156748177,Y,Bully,Y
100004570343804928,302187014,Y,Victim,N
99887680099323904,220294163,N,NA,NA
100024981043421184,64421942,N,NA,NA
100044913932111873,315313741,Y,Reporter,N
100039725431271424,282806822,N,NA,NA
99736449032794112,103229974,Y,Reporter,N
100039684813623296,279248119,N,NA,NA
100059334486147072,53801768,N,NA,NA
99823461341470721,205521169,Y,Bully,N
99937396287733760,94912172,N,NA,NA
99885349811142656,107588732,N,NA,NA
99936026746818560,89042480,N,NA,NA
100004694629425153,231047813,Y,Bully,N
100021322775674880,281786498,Y,Reporter,N
99919828114079744,349039672,Y,Accuser,Y
99940899559178241,140291563,N,NA,NA
99951098625929216,28705659,N,NA,NA
99830790464086016,278253153,N,NA,NA
99889936764911616,303059730,N,NA,NA
99781774170800128,180312104,Y,Reporter,N
100004295117774848,17635162,N,NA,NA
100068327686287361,64997180,Y,Reporter,N
99747271683489793,14987054,Y,Reporter,N
99861679692722177,193935417,N,NA,NA
99953413084811264,347770283,Y,Victim,N
99793569048563712,139752286,Y,Other,N
99949067345469440,77133719,N,NA,NA
99918588521086978,254755017,N,NA,NA
99862160498376705,33171019,Y,Victim,N
99991696112222208,57405324,N,NA,NA
99923689381969920,73202311,Y,Reporter,N
99932364767109122,108740292,N,NA,NA
99972627837358080,70934538,N,NA,NA
99964627387027456,324010343,N,NA,NA
99781645263048704,66134103,Y,Reporter,N
100067465911996417,151819500,N,NA,NA
100035120190324736,316843661,N,NA,NA
99910371846008832,37450513,Y,Reporter,N
99956317082501120,220187399,N,NA,NA
100025125142925312,287816136,N,NA,NA
99863656887631872,285940533,N,NA,NA
99895984913518592,21874289,Y,Reporter,N
99784704621953024,14873788,Y,Reporter,N
99873435546689536,299161189,N,NA,NA
99852832605347840,110538678,N,NA,NA
100003964111687680,191598380,Y,Reporter,N
99907588002562049,324933310,N,NA,NA
100026132874792960,108511683,N,NA,NA
99935793048600576,174526433,N,NA,NA
99941770900680704,59318464,N,NA,NA
99916949202546688,334909220,Y,Reporter,N
100010808922214400,65552796,Y,Accuser,N
100064490162360320,329746713,N,NA,NA
99954433684811776,47447228,N,NA,NA
99939392528982016,16537302,Y,Reporter,N
99869475909812225,18019112,N,NA,NA
100017921736192000,31147349,Y,Reporter,N
100028818558955520,193377219,Y,Reporter,N
99893339901538304,194444517,N,NA,NA
99773263722459136,159775428,N,NA,NA
100068622344523776,83993083,N,NA,NA
99972496773758976,104482394,Y,Reporter,N
100056792842768384,348660676,N,NA,NA
100052185009762304,16033567,N,NA,NA
99885745271091200,254259066,N,NA,NA
99999034743324672,54780637,Y,Bully,Y
99924503068557313,322175080,N,NA,NA
100062457342590976,69049007,N,NA,NA
99979763829047296,341755204,Y,Reporter,N
99912914034630656,232578497,Y,Other,N
99849016057135104,342539774,Y,Reporter,N
99907129816776704,210971919,N,NA,NA
99981873698193408,31337387,Y,Reporter,N
100036096196489217,142045154,Y,Accuser,N
99989696658157568,38740122,N,NA,NA
99950346499137536,46736779,Y,Accuser,N
99989455569555457,337263652,Y,Reporter,N
99924159911567360,20055898,N,NA,NA
99809790770946049,273788244,N,NA,NA
99949846311600128,341011102,Y,Reporter,N
99989749913227264,222487393,Y,Reporter,N
99913798625918976,131733821,Y,Reporter,N
100000842337366016,82081848,Y,Reporter,N
99842839902552064,134708054,N,NA,NA
99894079227297792,204666849,N,NA,NA
100012922075480064,47357406,N,NA,NA
99825128107552769,172629739,Y,Reporter,N
99735018036928512,241654118,N,NA,NA
100020436435353600,246433899,N,NA,NA
99708519816761344,338008933,Y,Victim,N
99807956270456832,115541839,Y,Bully,Y
99998206292795392,46617877,Y,Reporter,N
99797333453185025,317343342,N,NA,NA
99946005625176065,26151615,Y,Reporter,N
99867568956915712,152213046,Y,Victim,N
100000612481110016,236531330,Y,Victim,N
99930094776238081,340202453,Y,Victim,N
100050509133660160,97133745,N,NA,NA
100068508951511040,86060760,N,NA,NA
100046152333934592,190029832,N,NA,NA
99862568260210688,57684956,N,NA,NA
99976119759020032,168291572,Y,Reporter,N
99744772163510272,33039522,N,NA,NA
100048677850193920,46708125,N,NA,NA
100006231720206336,96410174,N,NA,NA
100011574386896896,218117343,N,NA,NA
99770425202061312,110622819,Y,Bully,Y
100010205265408000,160903358,N,NA,NA
99968195573710848,92645190,N,NA,NA
99998793046560769,224898215,Y,Bully,Y
100046637430349824,27134944,N,NA,NA
99928474290110465,283029717,Y,Reporter,N
99994970374680576,114052827,N,NA,NA
99917510589157376,213352256,Y,Reporter,N
99998159148818432,349447484,N,NA,NA
99850181926846464,332106787,N,NA,NA
99960178044174336,21455081,N,NA,NA
100052289687007232,205521169,Y,Victim,N
99857535758110720,345287806,N,NA,NA
99970484996804608,91615623,N,NA,NA
100031259442548737,106778773,N,NA,NA
100050226752131072,60146028,N,NA,NA
99943946695868416,64849768,N,NA,NA
99780375273930752,97309437,Y,Bully,Y
99753312605319169,40607612,N,NA,NA
99935116113092608,344868504,N,NA,NA
99954319998193664,228878650,N,NA,NA
99924580747051008,167468311,Y,Bully,N
99895785033965568,60176519,N,NA,NA
99715667028217856,335040429,Y,Victim,N
99942572398608384,115596724,Y,Victim,N
99966641751863296,321486596,N,NA,NA
99852035071029248,222412934,N,NA,NA
99923630812692480,156748177,Y,Accuser,Y
99965686541074433,220234135,Y,Victim,N
100021339431243776,295893071,N,NA,NA
99941714327912448,319216514,Y,Bully,N
99994529603653634,86249364,N,NA,NA
99931932653137920,213478678,N,NA,NA
99926995990888448,336060823,N,NA,NA
99931509624029185,303414590,N,NA,NA
99913820159492096,196258059,N,NA,NA
100047699897880576,255054119,Y,Bully,Y
99991414682824705,332657463,Y,Bully,Y
99956835750121472,306803026,N,NA,NA
99996545025458176,100097401,N,NA,NA
100022216883847168,61880796,Y,Accuser,N
99868219409575936,77992894,N,NA,NA
99895542309593088,86798846,Y,Bully,N
99824412034998272,60040515,N,NA,NA
99862785365786626,252767735,N,NA,NA
100019631040892930,166301313,Y,Other,N
99799869367132160,333612879,N,NA,NA
99860903926824960,240709896,N,NA,NA
99921423107235840,201467185,N,NA,NA
99991317593071616,70457685,N,NA,NA
99779981827252224,95598966,Y,Reporter,N
99965349209964544,313454046,N,NA,NA
99973795212828672,71951803,N,NA,NA
99940896031784960,287894687,Y,Reporter,N
99924500015099904,90081906,N,NA,NA
99916148245659648,196258059,N,NA,NA
99953117944233984,171746339,N,NA,NA
99989264560955392,122469306,N,NA,NA
99899965589045248,57220344,N,NA,NA
99821504249868288,236755141,N,NA,NA
99931038310080513,62511140,N,NA,NA
100012966690295808,42469858,N,NA,NA
99947777152393216,238204604,N,NA,NA
99866842570571776,86890296,N,NA,NA
99773745350193152,22586525,N,NA,NA
99866438503890944,18769169,N,NA,NA
99892506535276544,15240195,Y,Reporter,N
99917141070979072,124306389,N,NA,NA
99716074752323584,288019916,N,NA,NA
99761062882181120,26170804,N,NA,NA
99917831847682048,323296561,N,NA,NA
99962082375634945,258445854,N,NA,NA
99783767178219520,348983841,N,NA,NA
99897162137214977,309658897,N,NA,NA
99727164127191040,84760000,Y,Victim,N
99822077695111169,69495469,N,NA,NA
100000535247208448,56187504,N,NA,NA
99874904299683840,301541302,N,NA,NA
99946921422098432,32255096,Y,Bully,N
100066844173545472,187209666,Y,Accuser,N
99920856184131585,276068373,Y,Bully,N
100065009094246400,341308516,N,NA,NA
99862784979894272,264010765,N,NA,NA
99875953114759168,186453407,N,NA,NA
99965820578443264,41765182,N,NA,NA
99985144991055872,329344697,N,NA,NA
100056662018232320,237571636,Y,Bully,N
99772037509296128,145663074,N,NA,NA
99912608609599489,77487226,N,NA,NA
99943464388657152,15408512,N,NA,NA
99998481195859968,114022651,N,NA,NA
100017132787605505,207231205,N,NA,NA
100004102263676928,51763097,N,NA,NA
99960489030844416,63978059,N,NA,NA
100059834526867456,328248623,Y,Victim,N
100040107087765504,322401688,Y,Reporter,N
99926796111314944,233927642,Y,Reporter,N
100009923835994112,23759562,N,NA,NA
99745970476154880,151315625,Y,Victim,N
99792438608134144,141248438,N,NA,NA
100006674391236608,46514292,N,NA,NA
100015352292978689,27388152,Y,Reporter,Y
99849913235542016,209902908,N,NA,NA
99755276361670656,258623346,N,NA,NA
99907001949241344,259332713,Y,Reporter,N
100065757483909120,73685759,N,NA,NA
100026190949122048,99647869,N,NA,NA
100047927065579520,53823010,N,NA,NA
99799224463532032,128487812,Y,Reporter,N
100011526278217728,78057280,Y,Accuser,Y
99725162974425088,110600761,Y,Victim,N
100038199497326594,165765821,Y,Reporter,N
99892796781101056,308762158,N,NA,NA
99829525944336385,310388587,N,NA,NA
100043446403858433,95340262,Y,Reporter,N
99870243148677120,81734747,N,NA,NA
99719503407099905,41713499,N,NA,NA
99871453066960896,156957224,N,NA,NA
99878312024866816,59789916,Y,Victim,N
99941595624910849,238745933,N,NA,NA
99907403939717121,114359822,Y,Reporter,N
99887222693703681,179108873,N,NA,NA
100039884877742080,103560673,Y,Victim,N
100009549972516864,201819186,N,NA,NA
99908576016994304,331103672,N,NA,NA
99973883901386752,293209232,N,NA,NA
100066373979471872,146833137,N,NA,NA
99867327964790785,70918796,Y,Bully,Y
99999100690378752,210568007,N,NA,NA
99729151698808832,98690579,Y,Victim,N
100024685546319872,190029832,Y,Reporter,N
99956797779099648,77597014,N,NA,NA
99850768923893761,227921576,N,NA,NA
99909025205989376,206899842,N,NA,NA
99998735521685505,252628055,N,NA,NA
99867999921635328,92991312,N,NA,NA
99780268390498304,267556319,Y,Reporter,Y
100025977186426881,107811646,Y,Reporter,N
99980070160052224,35833082,Y,Victim,N
99983588711350272,282827297,Y,Reporter,N
99847945091952640,201724400,N,NA,NA
99968686831579136,57506588,Y,Reporter,N
99957197856976896,74878865,Y,Victim,N
100059580817608704,89649940,N,NA,NA
99970393087025152,19026262,N,NA,NA
99757495643414528,124003770,N,NA,NA
99829582403878912,190572847,N,NA,NA
100027133858021378,135764429,N,NA,NA
99871625574494208,153212714,N,NA,NA
99875037888262144,212655590,N,NA,NA
99928754557689856,135684302,Y,Reporter,N
99972955756445696,282138500,N,NA,NA
99779862692233216,18265199,N,NA,NA
100031363402563584,330059344,N,NA,NA
99802678791639040,187926944,Y,Reporter,N
99828898379997184,56247038,N,NA,NA
99995135307288576,176572743,N,NA,NA
99707185780625408,24140043,N,NA,NA
100032374166929408,350010738,N,NA,NA
99728809779134464,245050705,Y,Bully,N
99722481111281665,123595695,N,NA,NA
99855589777223681,22385370,Y,Reporter,Y
100023189710704640,342788777,Y,Victim,N
100060918410526720,31221214,Y,Reporter,N
99861670008074240,118130628,N,NA,NA
100048730690039808,193822644,N,NA,NA
99786562950270976,297911994,N,NA,NA
99985539087876097,64442285,N,NA,NA
99902211324252161,280254976,Y,Reporter,N
100054363430600705,61676896,Y,Bully,N
99976903145955328,59178225,N,NA,NA
99936855239311360,309947233,Y,Bully,N
99748908225413120,28939140,N,NA,NA
99717923400196096,241034291,N,NA,NA
99746770476736512,26538758,N,NA,NA
99856307745591296,49768746,Y,Victim,N
99949543533199360,15607389,Y,Reporter,N
99827093751336960,341489817,N,NA,NA
99895938096709632,334793110,Y,Reporter,N
99876367633616896,170781953,Y,Reporter,N
99753692198219776,40454599,Y,Reporter,N
99865793759686657,29016659,N,NA,NA
100066694936018945,94912172,N,NA,NA
99706979920003072,20292001,N,NA,NA
99898642537783296,308043082,Y,Reporter,N
99898008094769152,318640093,Y,Reporter,N
99840302268956672,202755330,N,NA,NA
99818958638694400,48524688,Y,Reporter,N
99709407910301696,29371360,Y,Accuser,N
100013317866790912,173308890,Y,Bully,N
100065646871724032,279344860,N,NA,NA
99970803835219968,285309385,N,NA,NA
99707755400663040,27067360,N,NA,NA
99880714820009984,22429005,Y,Reporter,N
100008298757111808,259827618,N,NA,NA
100006147985113088,230925990,N,NA,NA
99782768313118720,165900469,Y,Bully,Y
99921268798787584,155651151,N,NA,NA
99944362632429568,255180387,N,NA,NA
99761302527934464,24389229,N,NA,NA
99968132671750144,86632895,N,NA,NA
99723671081463808,63754094,Y,Bully,Y
99861105316343808,91439214,N,NA,NA
99951494157185024,343517937,N,NA,NA
100016819229831168,258063930,Y,Reporter,N
99812428816199680,17998678,N,NA,NA
99828203228635136,80926232,Y,Other,N
99963021467713537,26692119,N,NA,NA
100052001508966400,323460541,N,NA,NA
100015521705099264,279878084,N,NA,NA
100034839289397248,106778773,N,NA,NA
99863298463371264,320768701,Y,Victim,N
100039692694728704,262807038,Y,Victim,N
100002129850277889,62101855,N,NA,NA
99958325017448448,333140290,Y,Victim,N
100012518457606144,240930964,N,NA,NA
99922311582453760,3552991,N,NA,NA
99949461110923264,68342667,N,NA,NA
99995668470435841,94238401,Y,Accuser,Y
99799330793332736,177913822,Y,Victim,N
99907978597122048,234592008,N,NA,NA
99895906127724544,94159144,N,NA,NA
99822824268632064,221177694,N,NA,NA
100057450723540993,348660676,N,NA,NA
100044607651454977,346160671,N,NA,NA
100061738954784769,247984705,Y,Bully,N
100046998425706497,288472341,Y,Bully,Y
100034891252637698,189754469,N,NA,NA
99980042146291712,23036350,N,NA,NA
99859010836103168,193319928,Y,Reporter,N
99714763554160640,340149328,Y,Victim,N
99956077025693696,315884782,N,NA,NA
99787769630556160,204703737,N,NA,NA
99945405185404930,24949628,Y,Reporter,N
99903224194142208,128413472,N,NA,NA
99707118503997440,323123564,N,NA,NA
99936205336088576,308004554,N,NA,NA
100054897621352448,202672173,N,NA,NA
99979450329997313,156405416,N,NA,NA
99959946778652672,217647162,N,NA,NA
99942116687478784,178194787,Y,Reporter,N
99954500202274816,286348101,N,NA,NA
100054519307706369,334485131,N,NA,NA
100066807251083264,255951388,Y,Bully,Y
99861878028779521,47660347,N,NA,NA
99907495354564609,130199390,Y,Bully,N
99988801337831424,343696955,Y,Reporter,N
99761730351153153,45096596,N,NA,NA
99899662571552768,286444612,N,NA,NA
99841036809015297,192641432,N,NA,NA
100039850559938561,201534507,N,NA,NA
99923661984776193,36146430,N,NA,NA
99861317988532224,56981032,Y,Reporter,N
99880882491502592,323893767,N,NA,NA
99987352851714049,165619252,N,NA,NA
99925572364406784,278548210,N,NA,NA
99938957818724352,59950265,N,NA,NA
99909161227272192,213084179,Y,Reporter,N
99876922716200960,128695137,N,NA,NA
100059142034690048,58448257,Y,Victim,N
99843182862405632,178820382,N,NA,NA
99761575770066944,77163079,N,NA,NA
99926870191124480,177203019,N,NA,NA
100040974964756481,45382634,N,NA,NA
99924589131464705,309796606,N,NA,NA
100010135526719488,306882188,N,NA,NA
99948980443693056,322839851,N,NA,NA
99989406504587264,118206376,N,NA,NA
99904521366540289,8431652,Y,Bully,Y
99795366370738176,15465411,Y,Other,N
99815850365829121,42381896,N,NA,NA
99994044431732737,170792157,N,NA,NA
99976140424364032,246413794,N,NA,NA
99952748732235777,345454807,Y,Reporter,Y
100063657425240064,212429826,Y,Reporter,N
100064243302400000,192953843,Y,Victim,Y
99755477218492416,70292335,Y,Reporter,Y
99775807676882944,10566302,N,NA,NA
100053993425862656,231114245,N,NA,NA
99826610777243648,162867217,N,NA,NA
99860949380509697,131668363,Y,Reporter,N
99965274765275139,285943644,N,NA,NA
99779922343624704,111608993,N,NA,NA
99953584577318912,105793727,N,NA,NA
100053668426022912,348839744,Y,Victim,Y
99814945302130688,47097319,Y,Other,N
99973090443927552,321486596,N,NA,NA
99951189843652608,7356602,Y,Victim,N
99915347007778816,196258059,N,NA,NA
99850608357552128,248318883,N,NA,NA
99921921956786177,339415663,N,NA,NA
99881062028673024,100850465,N,NA,NA
99860063061164032,19746957,Y,Victim,N
99878452827660288,36839662,Y,Bully,N
99968022407684096,221117625,Y,Accuser,N
100043300664381440,35556923,N,NA,NA
99836005451972608,108664039,Y,Accuser,N
99730670116544512,230499784,N,NA,NA
99915717612290049,196258059,N,NA,NA
99785168650383360,222544705,Y,Reporter,N
99853464095559680,345393984,N,NA,NA
99803261405638656,32833112,N,NA,NA
99738325677649920,64650970,Y,Reporter,N
99716150325280769,282370331,N,NA,NA
99957413783932928,41549894,Y,Reporter,N
99848539831664640,270102124,Y,Victim,N
99924134783488002,188916768,Y,Bully,N
99915391341563905,57453640,N,NA,NA
99789978699186176,220511403,N,NA,NA
99899225512484864,143611130,N,NA,NA
99927378016481280,32632083,N,NA,NA
99927302632243200,127944589,N,NA,NA
99980316344729602,230881458,N,NA,NA
99987733258309632,45198094,Y,Reporter,Y
99725784436051968,82198949,N,NA,NA
99996446857760768,144920091,N,NA,NA
100046903462477824,24911804,Y,Bully,N
99923809963999232,299995722,N,NA,NA
99860891587186688,14185680,Y,Reporter,N
100028946892070912,62109273,N,NA,NA
99785797137473536,181958882,N,NA,NA
99736587373527040,106293519,N,NA,NA
99820710838538241,333534017,N,NA,NA
99831590426914817,307777302,Y,Reporter,N
100004711272419328,334343065,Y,Victim,N
100050747437228032,41524583,Y,Victim,Y
99834722145935360,194622640,N,NA,NA
99896389949063168,256934962,Y,Reporter,N
99968650894770177,39394922,Y,Reporter,N
99999047661789184,172191311,N,NA,NA
99852398297755649,45641337,Y,Bully,Y
99839005960577024,156606911,N,NA,NA
99916741966184449,328435254,Y,Accuser,N
99960473239289858,321486596,N,NA,NA
99762099936440320,64825181,Y,Reporter,N
99818916519489536,320875208,N,NA,NA
100039272467410944,313665167,N,NA,NA
99970765952258048,244637129,N,NA,NA
99905606143582208,288646713,Y,Reporter,N
99786707532120064,226638499,Y,Accuser,N
99989751632891905,34840164,N,NA,NA
99777807407788032,47690039,Y,Victim,N
100041260433293313,280943837,Y,Victim,N
99914112221446144,191683865,N,NA,NA
99840943657717760,336011696,Y,Accuser,N
99945917800660992,254338676,N,NA,NA
99858902245572608,48533458,Y,Accuser,N
99948718819786752,63797984,Y,Reporter,N
100022585483472896,258352787,Y,Bully,N
99798012129320960,336272294,N,NA,NA
99867104236408834,86902907,N,NA,NA
100009808853336064,315327782,Y,Reporter,Y
99978659934380032,267021306,N,NA,NA
100017773190725632,123668507,N,NA,NA
100055919508983808,341060902,N,NA,NA
100005005746114560,325792856,N,NA,NA
99712417050791936,331456268,Y,Accuser,N
100021168706306051,249880596,N,NA,NA
99847085721001984,88199217,N,NA,NA
99905159471177728,324638840,Y,Reporter,N
100033406540316673,84267808,N,NA,NA
99923650643361792,53698330,Y,Accuser,N
99988920342806528,71262127,N,NA,NA
99891426715901952,169334267,N,NA,NA
99760547616133120,30600547,N,NA,NA
99999483307376640,61375892,N,NA,NA
99933912448507904,35215348,N,NA,NA
99795499204358144,20075618,N,NA,NA
100010174391123968,37038179,Y,Victim,N
100033495367303168,161058521,Y,Victim,N
99979039485337600,182972237,N,NA,NA
99859819552444416,177770396,Y,Reporter,N
99968728795590657,115143396,N,NA,NA
100050569045098496,161147594,N,NA,NA
100052148162801664,316747469,N,NA,NA
99907213048561664,64104402,Y,Victim,N
100012517509697536,84652169,N,NA,NA
99953964879069184,107787286,N,NA,NA
99973975639195648,331827999,Y,Victim,N
99752183557406720,236197843,N,NA,NA
100018524587700224,71714283,N,NA,NA
99989019747811328,349729349,Y,Bully,N
99958879764484096,232447988,N,NA,NA
100017703204552704,329460418,N,NA,NA
100025577238577152,100152383,Y,Reporter,N
100049017106472961,148988400,N,NA,NA
99709207615508480,58368584,N,NA,NA
99897321046806528,264135915,Y,Victim,Y
99767401436033024,31500873,Y,Accuser,N
99899336942559232,72969003,N,NA,NA
99902946636087296,293420949,Y,Reporter,Y
100007375204909056,148589003,Y,Victim,N
99981556176785408,301752198,Y,Reporter,N
99786812335206400,280897988,N,NA,NA
99724089903685632,342892937,Y,Victim,N
100012713341755392,153121777,Y,Accuser,N
100055677917085696,337887596,N,NA,NA
100055294280871936,345133064,N,NA,NA
99712234971865088,37290675,Y,Reporter,N
100044940834373632,62138119,N,NA,NA
99966171092230144,305463642,N,NA,NA
99954705895133184,193017361,N,NA,NA
99708612687040512,18731863,N,NA,NA
99821123264458752,184583163,N,NA,NA
100014780055695360,74311775,N,NA,NA
99783653642616832,37895790,Y,Bully,Y
100024003325988864,294537664,Y,Victim,N
99838855359889408,338364515,N,NA,NA
99854079257358336,228501439,N,NA,NA
100041703456645120,203695474,N,NA,NA
100005561915019264,70360973,N,NA,NA
99953617053814785,239979045,Y,Reporter,N
100049469378277376,248918041,N,NA,NA
99821089919729665,42824966,N,NA,NA
99884314552041472,105131299,Y,Bully,N
99924322830921728,338061704,N,NA,NA
100042033472872449,33756007,Y,Other,N
100033490912944128,273172300,N,NA,NA
99764211932086272,284486558,Y,Other,N
100049441834278912,20963110,Y,Reporter,N
99964976432820224,334516959,N,NA,NA
100049689579237377,241324787,Y,Accuser,N
99851812139581441,219020864,N,NA,NA
99953837519015937,309796606,N,NA,NA
99985577805496320,229812584,N,NA,NA
99940713592127489,345175895,Y,Other,N
99719518443667456,181335283,Y,Reporter,N
99887062156722176,38554986,Y,Reporter,Y
99835356995780608,88818474,N,NA,NA
100015444232126464,75477240,N,NA,NA
100039009450999809,35877580,Y,Reporter,N
99964460395008000,326740067,N,NA,NA
99830901864796160,50389912,N,NA,NA
100011723741855744,85171306,N,NA,NA
99743699822575616,68702863,Y,Bully,N
99793879494180864,76670616,Y,Reporter,N
99869782391787522,105350145,N,NA,NA
99828025251737600,14674366,N,NA,NA
99813488838451200,283965527,N,NA,NA
99874486702194689,345332136,N,NA,NA
99878745808191488,298706095,N,NA,NA
99969812855406592,68206595,Y,Accuser,N
99907326957461504,78786892,Y,Reporter,N
99791140697554944,37602607,N,NA,NA
99881035793305600,264403975,N,NA,NA
99951615359987713,314861014,N,NA,NA
99819085973553152,53900401,N,NA,NA
100049548315082752,192951762,N,NA,NA
99866425614811136,154958539,Y,Victim,N
99867734946480128,161595209,N,NA,NA
100018582527811584,214624070,N,NA,NA
99889997943013377,169334267,N,NA,NA
100040050074587137,94335440,N,NA,NA
100015115797135360,192951992,N,NA,NA
99870813251059712,327426145,N,NA,NA
99981466531938304,138188079,N,NA,NA
100048529975808000,336846598,N,NA,NA
99927294805680128,125797951,N,NA,NA
100056007551623168,337518446,N,NA,NA
99969163216433152,340039457,N,NA,NA
100044756586991616,59813868,Y,Reporter,N
99844353412956160,133055570,N,NA,NA
99717517555142656,182696886,Y,Bully,Y
99885911139041280,146833137,N,NA,NA
100005746405683200,29293777,N,NA,NA
99963903383056384,269732468,Y,Reporter,N
99980574579630080,69319687,N,NA,NA
99828715323797505,49333225,Y,Reporter,N
99913629784211456,46724772,N,NA,NA
99742234248880128,74626492,Y,Reporter,N
99796631834214400,81331057,N,NA,NA
99748356959645696,240894083,N,NA,NA
99949523828346881,268642616,Y,Victim,N
99912426237083649,42463707,N,NA,NA
100029967743721472,89509976,N,NA,NA
99878683896070144,343886433,Y,Victim,N
99807354199093248,238627951,Y,Other,N
100015132402384896,77818739,N,NA,NA
99837140220911616,296484616,N,NA,NA
99967446198403074,236026510,N,NA,NA
100003563991871488,25598150,Y,Reporter,N
100065464742449154,319765043,Y,Reporter,N
99868767160512512,187491347,N,NA,NA
99953892120477696,59227403,N,NA,NA
99938489684078592,74251086,Y,Victim,Y
99830275596500992,263598302,Y,Reporter,N
99980864724799488,36117445,N,NA,NA
99739135090245632,333252105,N,NA,NA
99997646403538945,29134666,N,NA,NA
99902076481568768,103954690,N,NA,NA
99721373622079489,40043209,Y,Reporter,N
99790125629841408,112847112,Y,Reporter,N
99882061527126016,220415444,Y,Reporter,N
100056232164982784,153463099,N,NA,NA
99953888551124992,41958193,N,NA,NA
99890292928430080,58332541,N,NA,NA
99760758723837953,40755506,Y,Victim,N
99819570860261376,97681263,N,NA,NA
100006982924247040,234555323,N,NA,NA
99760159382962176,247191345,N,NA,NA
100036720262782976,259050065,N,NA,NA
99997844479557633,148550282,N,NA,NA
100025268533592065,184588230,Y,Reporter,N
99988974793265152,64797542,Y,Reporter,N
99726841971097601,158749843,N,NA,NA
99954678573441025,320253274,N,NA,NA
100034297196589056,236974417,Y,Victim,N
99851626721984512,58219992,N,NA,NA
100004025877008384,55309072,N,NA,NA
99852678502416385,285403290,N,NA,NA
99836346650210304,81474038,N,NA,NA
99941542525018112,27308079,N,NA,NA
99993740353077248,172293586,Y,Victim,N
99806798437036032,258741197,N,NA,NA
100041273242697728,152350370,N,NA,NA
100015599673016322,46308453,N,NA,NA
99714460884811776,33378770,Y,Bully,N
99997756365615104,239883597,N,NA,NA
99954987890774017,54544392,N,NA,NA
99875750764744704,123217748,N,NA,NA
99947655383359488,335628581,N,NA,NA
99945435485044736,237167026,N,NA,NA
99854232110383104,107809788,N,NA,NA
99979187078701057,28479855,N,NA,NA
99917686997401601,49171734,N,NA,NA
100025129718919168,305820938,Y,Accuser,Y
99740376922980352,263461819,N,NA,NA
99955080131915777,27028591,Y,Victim,N
99723856796848128,38325185,Y,Reporter,N
99898108451889153,205620312,N,NA,NA
99823282131443712,163009052,N,NA,NA
99904770650804224,32995790,N,NA,NA
99826085633593344,239461726,Y,Bully,N
99980807288000512,58045310,Y,Victim,N
99838621829447680,348604869,N,NA,NA
100006550910935040,223911767,N,NA,NA
100057410680532993,40875530,N,NA,NA
99949628560113664,104236426,N,NA,NA
99790208312147970,130493206,N,NA,NA
99996519087869952,236093429,Y,Reporter,N
99870079788912640,36012863,Y,Victim,N
100028798409523200,160990168,N,NA,NA
99844704518144000,294334246,N,NA,NA
99939097145131008,35862035,Y,Accuser,N
99865747819470848,109474875,N,NA,NA
99738029979213824,148172315,Y,Reporter,N
99977205605605376,71373138,N,NA,NA
99810985287745536,22918260,Y,Reporter,N
99956665134223360,136821236,N,NA,NA
100021604318326784,72052015,N,NA,NA
100038154681188352,58080583,N,NA,NA
100066587305975808,309986660,N,NA,NA
99981044379430913,38790176,Y,Other,N
99947202859905025,32934232,N,NA,NA
99977048302424064,199671822,N,NA,NA
99723892238729217,29024412,Y,Victim,N
100000076050595840,50839892,N,NA,NA
99711201663135744,294795815,Y,Accuser,N
99964086032404481,44735837,N,NA,NA
100042898988474368,132128462,N,NA,NA
99992467113390080,219576027,Y,Reporter,N
100042498755395585,53181356,N,NA,NA
99915038344753153,89232852,N,NA,NA
99861928071012354,109962400,N,NA,NA
99948334369869824,106934654,N,NA,NA
99981033696530432,153343947,Y,Victim,N
99868799993524224,224045170,N,NA,NA
99761095077658624,120334820,Y,Victim,N
100020030623850496,61880796,N,NA,NA
99993172872134657,51288161,N,NA,NA
99719260867272704,72148337,N,NA,NA
99980741374509057,349302846,Y,Victim,N
99887367619481600,148310005,N,NA,NA
99859767991861248,72783806,Y,Reporter,Y
100064053556281344,28665425,Y,Other,N
99850346855284737,323830175,Y,Reporter,N
99945000120492032,237347970,N,NA,NA
99898805486485504,16676396,N,NA,NA
99887631361519616,195449338,N,NA,NA
99866355574128640,325786477,N,NA,NA
99950398797922304,156482226,Y,Bully,N
100052343176953856,75628685,N,NA,NA
99947140075360256,16537302,Y,Other,N
99984375957041152,145868666,Y,Reporter,N
99937371449077760,311526810,N,NA,NA
99769083721027584,269572174,Y,Victim,N
99715361292828674,140836568,N,NA,NA
100044565544845314,324881697,N,NA,NA
100044191748464640,223020169,N,NA,NA
99999621945896960,232742284,N,NA,NA
99956050614157312,154015268,Y,Bully,N
99992786882924544,41401033,N,NA,NA
99753347963297792,333337610,N,NA,NA
100042108563496960,276130266,N,NA,NA
99795700052791296,49289929,Y,Accuser,N
100040066168143873,79167856,Y,Accuser,Y
99999684080320512,292965828,N,NA,NA
99966177878614016,58318101,N,NA,NA
99847294156943360,23135169,N,NA,NA
99885274632437760,114272951,Y,Bully,Y
99838087366062080,18741891,N,NA,NA
99805152592134146,348057558,Y,Reporter,N
99980684789161984,292621190,Y,Victim,N
99872610048937984,230040735,N,NA,NA
99898048553037824,230961891,Y,Reporter,N
100049633392345088,103100593,Y,Reporter,N
99884630144073728,56511086,N,NA,NA
100044410020036608,89049666,N,NA,NA
100028562316341249,51175220,N,NA,NA
99778192054816770,116724795,N,NA,NA
99867643120594945,42100435,Y,Victim,N
99842183053590528,278750446,Y,Other,N
99868759753359360,91159146,N,NA,NA
99818427555905537,301054575,Y,Reporter,N
99723659488399360,27281121,Y,Accuser,N
100067624578330624,69412163,N,NA,NA
99815823010570241,167140283,N,NA,NA
99841405823885312,107723589,N,NA,NA
99996797568684032,45225488,N,NA,NA
99899797808492544,55411896,N,NA,NA
100047319629709312,245078965,N,NA,NA
100065683307638784,333041728,N,NA,NA
99957385317187584,183042319,N,NA,NA
99844689989083136,272423359,N,NA,NA
99951614319792128,128758603,N,NA,NA
99940269734100992,191898253,Y,Reporter,N
99916853048127488,244606274,Y,Bully,N
99853724129837056,15470891,N,NA,NA
99989314540285952,51290321,Y,Victim,N
99961266633846784,20454247,Y,Accuser,N
99743859789139969,238402573,Y,Victim,N
99826061147246592,101197053,N,NA,NA
100032521298907137,339395493,N,NA,NA
99813787653255168,236478502,N,NA,NA
99860856132747266,226756585,N,NA,NA
100034829265022976,104619496,N,NA,NA
100003840295845888,29293777,Y,Victim,N
99918588353318912,52909440,Y,Victim,N
99992046852513793,18243311,Y,Victim,N
99775407636754432,226087589,Y,Victim,N
99926298884976640,161660449,N,NA,NA
99999507953098752,128981646,N,NA,NA
99930194369970178,151857034,Y,Other,N
99757695908847618,149102409,N,NA,NA
99900227053568000,160238188,Y,Other,N
99922823899922432,302574933,Y,Reporter,Y
99998237448085505,193178930,N,NA,NA
99879620198924288,277565678,Y,Other,N
99921859507789824,237357430,Y,Other,N
99967268447993856,304784619,N,NA,NA
99909693358620672,28909725,N,NA,NA
99857071821950978,11763592,N,NA,NA
99823406194761728,210812192,Y,Other,N
99921391041773568,39460456,Y,Reporter,N
99888349791264768,117873643,Y,Bully,N
99903453987471360,344942102,Y,Reporter,N
99928317150511104,315391922,N,NA,NA
99857342681726976,282806822,N,NA,NA
99954763180933120,64942937,Y,Accuser,Y
100046810856439808,259515505,N,NA,NA
99975855081668608,285066623,N,NA,NA
100024085135900672,256618681,Y,Other,N
99912099412705282,110598557,N,NA,NA
99949661602856960,42169738,N,NA,NA
99823148626755584,59137401,Y,Reporter,N
99753870418391040,201667404,Y,Bully,N
99894560276221952,241704975,N,NA,NA
99892667026128896,92794847,Y,Reporter,N
99962282603319296,321486596,N,NA,NA
100016428647841792,51816625,Y,Accuser,Y
100009977485332480,20749831,N,NA,NA
99885536524775426,90882930,N,NA,NA
99926541802278912,43282709,Y,Reporter,N
100037346971492352,298792568,N,NA,NA
99833163731304448,18240813,N,NA,NA
99820693717401600,175355257,Y,Reporter,N
99991993479991296,100847962,Y,Bully,Y
100023940948303872,24710885,N,NA,NA
99795186686771200,176176861,Y,Other,N
99951883262758912,215164528,N,NA,NA
99913504412282881,342756342,Y,Victim,N
100027688001077248,340611239,N,NA,NA
100038593367650304,94393071,N,NA,NA
99736075987189760,182612229,N,NA,NA
100003233380057088,203130749,N,NA,NA
99982642006605824,341812291,Y,Reporter,N
99987905082175489,313799471,N,NA,NA
99867352904122368,66781375,N,NA,NA
99989308693413888,29716348,N,NA,NA
100062653774446593,334706621,Y,Other,N
99923330160791552,146833137,N,NA,NA
99835135557509120,101734310,Y,Other,N
99846379068866560,264296002,Y,Victim,Y
99866918776868864,264813710,Y,Victim,N
100027992167817216,206995232,N,NA,NA
100047317066981376,17323260,N,NA,NA
99850781200621569,104377313,N,NA,NA
99834078102159360,39538795,Y,Reporter,N
99930045468000256,326499288,Y,Reporter,N
100007907986391040,137135364,N,NA,NA
99918379317592064,45890047,Y,Victim,N
99985748987625472,165803944,N,NA,NA
99821575989248000,119758168,Y,Other,N
99717302378967040,278242093,Y,Other,N
100018638077169664,255255899,Y,Other,N
100017665455820800,265035793,Y,Accuser,N
99960607469617152,201910397,Y,Bully,N
99974154173943808,277600104,Y,Reporter,N
99953943668465665,252085268,N,NA,NA
100053587413045248,303318958,N,NA,NA
99932386590076928,324638840,Y,Victim,N
99799049875636224,145588096,Y,Reporter,N
99941952023298048,114848552,N,NA,NA
99771926016311298,91925961,Y,Reporter,N
99975210509418497,29009323,N,NA,NA
99978034693681153,139859257,Y,Reporter,N
99907746413035520,344308984,Y,Victim,N
99982693877555200,326696985,Y,Victim,N
99902421937045504,61421929,Y,Victim,N
100048332772216832,255586687,Y,Accuser,N
99913804808331265,334846381,Y,Reporter,N
100040625742807040,294314398,Y,Victim,N
99822865200857088,138791870,Y,Reporter,N
99997282048548865,77562922,Y,Other,N
99881766621425664,60308216,N,NA,NA
99709975986847744,117047834,Y,Bully,Y
99721048538357761,161080020,N,NA,NA
